fold,best_epoch,n_epochs,val_accuracy,val_balanced_accuracy,val_f1_macro,test_accuracy,test_balanced_accuracy,test_f1_macro
0,9,24,0.4444444444444444,0.5,0.3076923076923077,0.45454545454545453,0.5,0.3125
1,15,30,0.2222222222222222,0.25,0.18181818181818182,0.45454545454545453,0.48333333333333334,0.4107142857142857
2,15,30,0.4444444444444444,0.5,0.3076923076923077,0.5,0.5,0.3333333333333333
3,11,26,0.3333333333333333,0.3,0.25,0.5454545454545454,0.5166666666666667,0.47619047619047616
4,9,24,0.5,0.5,0.3333333333333333,0.6,0.5,0.375
