mean_accuracy,std_accuracy,mean_balanced_accuracy,std_balanced_accuracy,mean_f1_macro,std_f1_macro
0.5672727272727272,0.10012389019824264,0.5683333333333334,0.09796541339790393,0.510108225108225,0.1519708592175187
