band,HC_mean,HC_std,MDD_mean,MDD_std
Delta,1.475819868847348e-10,2.5710296430983653e-10,2.0135384768754876e-10,2.2702402003374693e-10
Theta,5.9801025810935385e-12,3.811289796109235e-12,6.244451998245609e-12,5.2399659943273844e-12
Alpha,2.0260999902989607e-11,1.3104726931611249e-11,2.096707351483935e-11,1.2475439842594516e-11
Beta,6.355001861333513e-12,7.333508050197398e-12,7.221761682287651e-12,2.699720390405774e-12
Gamma,1.1642191280188833e-11,2.774693590150727e-11,7.304095986256904e-12,3.718552272707091e-12
