{
    "fold": 1,
    "best_epoch": 15,
    "best_val_subject_balanced_accuracy": 0.4444444444444444,
    "aggregation": "mean_prob",
    "train_label_counts": [
        7,
        7,
        8
    ],
    "class_weights": [
        1.0434782608695652,
        1.0434782608695652,
        0.9130434782608695
    ],
    "test_subject_accuracy": 0.25,
    "test_subject_balanced_accuracy": 0.3333333333333333,
    "test_subject_macro_precision": 0.08333333333333333,
    "test_subject_macro_recall": 0.3333333333333333,
    "test_subject_macro_f1": 0.13333333333333333,
    "test_subject_macro_auc_ovr": 0.5888888888888889,
    "test_subjects": [
        0,
        1,
        4,
        6,
        19,
        30,
        37,
        40
    ],
    "test_y_true": [
        2,
        1,
        1,
        2,
        2,
        0,
        0,
        1
    ],
    "test_y_pred": [
        0,
        0,
        0,
        0,
        0,
        0,
        0,
        0
    ],
    "test_subject_details": [
        {
            "subject_id": 0,
            "true_label": 2,
            "pred_label": 0,
            "votes": [
                292,
                0,
                6
            ],
            "mean_prob": [
                0.4149862825870514,
                0.18452011048793793,
                0.4004935324192047
            ],
            "n_epochs": 298
        },
        {
            "subject_id": 1,
            "true_label": 1,
            "pred_label": 0,
            "votes": [
                304,
                0,
                0
            ],
            "mean_prob": [
                0.4174484610557556,
                0.1835571825504303,
                0.39899465441703796
            ],
            "n_epochs": 304
        },
        {
            "subject_id": 4,
            "true_label": 1,
            "pred_label": 0,
            "votes": [
                302,
                1,
                1
            ],
            "mean_prob": [
                0.41620782017707825,
                0.1847613900899887,
                0.39903077483177185
            ],
            "n_epochs": 304
        },
        {
            "subject_id": 6,
            "true_label": 2,
            "pred_label": 0,
            "votes": [
                300,
                0,
                4
            ],
            "mean_prob": [
                0.41658815741539,
                0.1838921755552292,
                0.39951956272125244
            ],
            "n_epochs": 304
        },
        {
            "subject_id": 19,
            "true_label": 2,
            "pred_label": 0,
            "votes": [
                303,
                0,
                1
            ],
            "mean_prob": [
                0.4169829189777374,
                0.18373864889144897,
                0.3992784023284912
            ],
            "n_epochs": 304
        },
        {
            "subject_id": 30,
            "true_label": 0,
            "pred_label": 0,
            "votes": [
                290,
                0,
                14
            ],
            "mean_prob": [
                0.42532584071159363,
                0.18044093251228333,
                0.3942332863807678
            ],
            "n_epochs": 304
        },
        {
            "subject_id": 37,
            "true_label": 0,
            "pred_label": 0,
            "votes": [
                287,
                0,
                17
            ],
            "mean_prob": [
                0.4145490527153015,
                0.18457870185375214,
                0.4008718430995941
            ],
            "n_epochs": 304
        },
        {
            "subject_id": 40,
            "true_label": 1,
            "pred_label": 0,
            "votes": [
                302,
                0,
                2
            ],
            "mean_prob": [
                0.41690629720687866,
                0.18378348648548126,
                0.39931008219718933
            ],
            "n_epochs": 304
        }
    ],
    "test_confusion_matrix": [
        [
            2,
            0,
            0
        ],
        [
            3,
            0,
            0
        ],
        [
            3,
            0,
            0
        ]
    ],
    "model_path": "C:\\Users\\jhon0\\Documents\\UTP\\Work\\MultimodalAnalysis\\models\\eeg_arch_ablation_2s_01_25_nonotch_overlap50\\eegformer\\closed\\mean_prob\\fold_01_best.pt",
    "history_csv": "C:\\Users\\jhon0\\Documents\\UTP\\Work\\MultimodalAnalysis\\models\\eeg_arch_ablation_2s_01_25_nonotch_overlap50\\eegformer\\closed\\mean_prob\\fold_01_history.csv",
    "training_plot": "C:\\Users\\jhon0\\Documents\\UTP\\Work\\MultimodalAnalysis\\models\\eeg_arch_ablation_2s_01_25_nonotch_overlap50\\eegformer\\closed\\mean_prob\\fold_01_training_plot.png"
}