{
    "fold": 3,
    "best_epoch": 3,
    "best_val_subject_balanced_accuracy": 0.5,
    "aggregation": "mean_prob",
    "train_label_counts": [
        7,
        7,
        9
    ],
    "class_weights": [
        1.0799999999999998,
        1.0799999999999998,
        0.8399999999999999
    ],
    "test_subject_accuracy": 0.2857142857142857,
    "test_subject_balanced_accuracy": 0.27777777777777773,
    "test_subject_macro_precision": 0.19444444444444442,
    "test_subject_macro_recall": 0.27777777777777773,
    "test_subject_macro_f1": 0.2222222222222222,
    "test_subject_macro_auc_ovr": 0.5666666666666667,
    "test_subjects": [
        8,
        9,
        13,
        22,
        35,
        39,
        43
    ],
    "test_y_true": [
        1,
        2,
        0,
        2,
        0,
        2,
        1
    ],
    "test_y_pred": [
        1,
        1,
        1,
        1,
        2,
        2,
        2
    ],
    "test_subject_details": [
        {
            "subject_id": 8,
            "true_label": 1,
            "pred_label": 1,
            "votes": [
                0,
                225,
                79
            ],
            "mean_prob": [
                0.09765057265758514,
                0.45391520857810974,
                0.44843432307243347
            ],
            "n_epochs": 304
        },
        {
            "subject_id": 9,
            "true_label": 2,
            "pred_label": 1,
            "votes": [
                1,
                222,
                81
            ],
            "mean_prob": [
                0.09962533414363861,
                0.4521135985851288,
                0.4482610523700714
            ],
            "n_epochs": 304
        },
        {
            "subject_id": 13,
            "true_label": 0,
            "pred_label": 1,
            "votes": [
                0,
                272,
                32
            ],
            "mean_prob": [
                0.09943736344575882,
                0.4602981507778168,
                0.440264493227005
            ],
            "n_epochs": 304
        },
        {
            "subject_id": 22,
            "true_label": 2,
            "pred_label": 1,
            "votes": [
                0,
                290,
                14
            ],
            "mean_prob": [
                0.09469214081764221,
                0.46391531825065613,
                0.4413924515247345
            ],
            "n_epochs": 304
        },
        {
            "subject_id": 35,
            "true_label": 0,
            "pred_label": 2,
            "votes": [
                0,
                111,
                193
            ],
            "mean_prob": [
                0.09438363462686539,
                0.4447035491466522,
                0.46091291308403015
            ],
            "n_epochs": 304
        },
        {
            "subject_id": 39,
            "true_label": 2,
            "pred_label": 2,
            "votes": [
                0,
                32,
                272
            ],
            "mean_prob": [
                0.08808904141187668,
                0.43723273277282715,
                0.4746783971786499
            ],
            "n_epochs": 304
        },
        {
            "subject_id": 43,
            "true_label": 1,
            "pred_label": 2,
            "votes": [
                0,
                156,
                148
            ],
            "mean_prob": [
                0.0898994579911232,
                0.45315828919410706,
                0.45694220066070557
            ],
            "n_epochs": 304
        }
    ],
    "test_confusion_matrix": [
        [
            0,
            1,
            1
        ],
        [
            0,
            1,
            1
        ],
        [
            0,
            2,
            1
        ]
    ],
    "model_path": "C:\\Users\\jhon0\\Documents\\UTP\\Work\\MultimodalAnalysis\\models\\eeg_arch_ablation_2s_01_25_nonotch_overlap50\\eegformer\\closed\\mean_prob\\fold_03_best.pt",
    "history_csv": "C:\\Users\\jhon0\\Documents\\UTP\\Work\\MultimodalAnalysis\\models\\eeg_arch_ablation_2s_01_25_nonotch_overlap50\\eegformer\\closed\\mean_prob\\fold_03_history.csv",
    "training_plot": "C:\\Users\\jhon0\\Documents\\UTP\\Work\\MultimodalAnalysis\\models\\eeg_arch_ablation_2s_01_25_nonotch_overlap50\\eegformer\\closed\\mean_prob\\fold_03_training_plot.png"
}