{
    "fold": 5,
    "best_epoch": 1,
    "best_val_subject_balanced_accuracy": 0.3333333333333333,
    "aggregation": "mean_prob",
    "train_label_counts": [
        7,
        7,
        9
    ],
    "class_weights": [
        1.0799999999999998,
        1.0799999999999998,
        0.8399999999999999
    ],
    "test_subject_accuracy": 0.2857142857142857,
    "test_subject_balanced_accuracy": 0.3333333333333333,
    "test_subject_macro_precision": 0.09523809523809523,
    "test_subject_macro_recall": 0.3333333333333333,
    "test_subject_macro_f1": 0.14814814814814814,
    "test_subject_macro_auc_ovr": 0.28888888888888886,
    "test_subjects": [
        5,
        15,
        20,
        21,
        23,
        26,
        38
    ],
    "test_y_true": [
        0,
        2,
        2,
        1,
        1,
        0,
        2
    ],
    "test_y_pred": [
        1,
        1,
        1,
        1,
        1,
        1,
        1
    ],
    "test_subject_details": [
        {
            "subject_id": 5,
            "true_label": 0,
            "pred_label": 1,
            "votes": [
                0,
                304,
                0
            ],
            "mean_prob": [
                0.22101116180419922,
                0.4258379638195038,
                0.353150874376297
            ],
            "n_epochs": 304
        },
        {
            "subject_id": 15,
            "true_label": 2,
            "pred_label": 1,
            "votes": [
                0,
                304,
                0
            ],
            "mean_prob": [
                0.2208341807126999,
                0.42671123147010803,
                0.35245463252067566
            ],
            "n_epochs": 304
        },
        {
            "subject_id": 20,
            "true_label": 2,
            "pred_label": 1,
            "votes": [
                0,
                304,
                0
            ],
            "mean_prob": [
                0.22157824039459229,
                0.4246690571308136,
                0.3537527620792389
            ],
            "n_epochs": 304
        },
        {
            "subject_id": 21,
            "true_label": 1,
            "pred_label": 1,
            "votes": [
                0,
                304,
                0
            ],
            "mean_prob": [
                0.22099116444587708,
                0.42534953355789185,
                0.3536595106124878
            ],
            "n_epochs": 304
        },
        {
            "subject_id": 23,
            "true_label": 1,
            "pred_label": 1,
            "votes": [
                0,
                302,
                2
            ],
            "mean_prob": [
                0.22113069891929626,
                0.4222913980484009,
                0.3565777838230133
            ],
            "n_epochs": 304
        },
        {
            "subject_id": 26,
            "true_label": 0,
            "pred_label": 1,
            "votes": [
                0,
                298,
                0
            ],
            "mean_prob": [
                0.22092832624912262,
                0.42531347274780273,
                0.3537583351135254
            ],
            "n_epochs": 298
        },
        {
            "subject_id": 38,
            "true_label": 2,
            "pred_label": 1,
            "votes": [
                0,
                304,
                0
            ],
            "mean_prob": [
                0.22083817422389984,
                0.4260840117931366,
                0.3530777394771576
            ],
            "n_epochs": 304
        }
    ],
    "test_confusion_matrix": [
        [
            0,
            2,
            0
        ],
        [
            0,
            2,
            0
        ],
        [
            0,
            3,
            0
        ]
    ],
    "model_path": "C:\\Users\\jhon0\\Documents\\UTP\\Work\\MultimodalAnalysis\\models\\eeg_arch_ablation_2s_01_25_nonotch_overlap50\\eegformer\\closed\\mean_prob\\fold_05_best.pt",
    "history_csv": "C:\\Users\\jhon0\\Documents\\UTP\\Work\\MultimodalAnalysis\\models\\eeg_arch_ablation_2s_01_25_nonotch_overlap50\\eegformer\\closed\\mean_prob\\fold_05_history.csv",
    "training_plot": "C:\\Users\\jhon0\\Documents\\UTP\\Work\\MultimodalAnalysis\\models\\eeg_arch_ablation_2s_01_25_nonotch_overlap50\\eegformer\\closed\\mean_prob\\fold_05_training_plot.png"
}