{
    "fold": 2,
    "best_epoch": 1,
    "best_val_subject_balanced_accuracy": 0.6666666666666666,
    "aggregation": "mean_prob",
    "train_label_counts": [
        6,
        7,
        10
    ],
    "class_weights": [
        1.2209302325581395,
        1.0465116279069768,
        0.7325581395348838
    ],
    "test_subject_accuracy": 0.2857142857142857,
    "test_subject_balanced_accuracy": 0.27777777777777773,
    "test_subject_macro_precision": 0.2333333333333333,
    "test_subject_macro_recall": 0.27777777777777773,
    "test_subject_macro_f1": 0.22857142857142856,
    "test_subject_macro_auc_ovr": 0.37222222222222223,
    "test_subjects": [
        2,
        7,
        11,
        16,
        27,
        31,
        41
    ],
    "test_y_true": [
        0,
        0,
        1,
        1,
        0,
        2,
        2
    ],
    "test_y_pred": [
        0,
        2,
        2,
        2,
        2,
        2,
        0
    ],
    "test_subject_details": [
        {
            "subject_id": 2,
            "true_label": 0,
            "pred_label": 0,
            "votes": [
                228,
                8,
                68
            ],
            "mean_prob": [
                0.4306999444961548,
                0.1993737667798996,
                0.3699261248111725
            ],
            "n_epochs": 304
        },
        {
            "subject_id": 7,
            "true_label": 0,
            "pred_label": 2,
            "votes": [
                145,
                5,
                154
            ],
            "mean_prob": [
                0.42702555656433105,
                0.14585185050964355,
                0.42712271213531494
            ],
            "n_epochs": 304
        },
        {
            "subject_id": 11,
            "true_label": 1,
            "pred_label": 2,
            "votes": [
                119,
                0,
                185
            ],
            "mean_prob": [
                0.43126702308654785,
                0.12808027863502502,
                0.44065290689468384
            ],
            "n_epochs": 304
        },
        {
            "subject_id": 16,
            "true_label": 1,
            "pred_label": 2,
            "votes": [
                112,
                0,
                192
            ],
            "mean_prob": [
                0.43187516927719116,
                0.12716317176818848,
                0.44096168875694275
            ],
            "n_epochs": 304
        },
        {
            "subject_id": 27,
            "true_label": 0,
            "pred_label": 2,
            "votes": [
                142,
                0,
                162
            ],
            "mean_prob": [
                0.43281444907188416,
                0.13285967707633972,
                0.43432581424713135
            ],
            "n_epochs": 304
        },
        {
            "subject_id": 31,
            "true_label": 2,
            "pred_label": 2,
            "votes": [
                84,
                0,
                220
            ],
            "mean_prob": [
                0.4330472946166992,
                0.1259273737668991,
                0.4410252273082733
            ],
            "n_epochs": 304
        },
        {
            "subject_id": 41,
            "true_label": 2,
            "pred_label": 0,
            "votes": [
                127,
                148,
                29
            ],
            "mean_prob": [
                0.36671414971351624,
                0.34029701352119446,
                0.2929888367652893
            ],
            "n_epochs": 304
        }
    ],
    "test_confusion_matrix": [
        [
            1,
            0,
            2
        ],
        [
            0,
            0,
            2
        ],
        [
            1,
            0,
            1
        ]
    ],
    "model_path": "C:\\Users\\jhon0\\Documents\\UTP\\Work\\MultimodalAnalysis\\models\\eeg_arch_ablation_2s_01_25_nonotch_overlap50\\eegformer\\closed\\mean_prob\\fold_02_best.pt",
    "history_csv": "C:\\Users\\jhon0\\Documents\\UTP\\Work\\MultimodalAnalysis\\models\\eeg_arch_ablation_2s_01_25_nonotch_overlap50\\eegformer\\closed\\mean_prob\\fold_02_history.csv",
    "training_plot": "C:\\Users\\jhon0\\Documents\\UTP\\Work\\MultimodalAnalysis\\models\\eeg_arch_ablation_2s_01_25_nonotch_overlap50\\eegformer\\closed\\mean_prob\\fold_02_training_plot.png"
}