{
    "fold": 4,
    "best_epoch": 1,
    "best_val_subject_balanced_accuracy": 0.3333333333333333,
    "aggregation": "mean_prob",
    "train_label_counts": [
        7,
        7,
        9
    ],
    "class_weights": [
        1.0799999999999998,
        1.0799999999999998,
        0.8399999999999999
    ],
    "test_subject_accuracy": 0.2857142857142857,
    "test_subject_balanced_accuracy": 0.3333333333333333,
    "test_subject_macro_precision": 0.09523809523809523,
    "test_subject_macro_recall": 0.3333333333333333,
    "test_subject_macro_f1": 0.14814814814814814,
    "test_subject_macro_auc_ovr": 0.1722222222222222,
    "test_subjects": [
        3,
        10,
        14,
        18,
        24,
        25,
        33
    ],
    "test_y_true": [
        2,
        0,
        0,
        1,
        2,
        2,
        1
    ],
    "test_y_pred": [
        1,
        1,
        1,
        1,
        1,
        1,
        1
    ],
    "test_subject_details": [
        {
            "subject_id": 3,
            "true_label": 2,
            "pred_label": 1,
            "votes": [
                0,
                304,
                0
            ],
            "mean_prob": [
                0.24143201112747192,
                0.40076225996017456,
                0.35780569911003113
            ],
            "n_epochs": 304
        },
        {
            "subject_id": 10,
            "true_label": 0,
            "pred_label": 1,
            "votes": [
                0,
                304,
                0
            ],
            "mean_prob": [
                0.2411343902349472,
                0.40075579285621643,
                0.3581100106239319
            ],
            "n_epochs": 304
        },
        {
            "subject_id": 14,
            "true_label": 0,
            "pred_label": 1,
            "votes": [
                0,
                303,
                1
            ],
            "mean_prob": [
                0.24061448872089386,
                0.40814661979675293,
                0.3512386679649353
            ],
            "n_epochs": 304
        },
        {
            "subject_id": 18,
            "true_label": 1,
            "pred_label": 1,
            "votes": [
                0,
                304,
                0
            ],
            "mean_prob": [
                0.2412138432264328,
                0.40066441893577576,
                0.358121782541275
            ],
            "n_epochs": 304
        },
        {
            "subject_id": 24,
            "true_label": 2,
            "pred_label": 1,
            "votes": [
                0,
                304,
                0
            ],
            "mean_prob": [
                0.2425309717655182,
                0.4006604254245758,
                0.35680878162384033
            ],
            "n_epochs": 304
        },
        {
            "subject_id": 25,
            "true_label": 2,
            "pred_label": 1,
            "votes": [
                0,
                304,
                0
            ],
            "mean_prob": [
                0.24131283164024353,
                0.4007706046104431,
                0.3579167425632477
            ],
            "n_epochs": 304
        },
        {
            "subject_id": 33,
            "true_label": 1,
            "pred_label": 1,
            "votes": [
                0,
                304,
                0
            ],
            "mean_prob": [
                0.24155664443969727,
                0.40065789222717285,
                0.3577854633331299
            ],
            "n_epochs": 304
        }
    ],
    "test_confusion_matrix": [
        [
            0,
            2,
            0
        ],
        [
            0,
            2,
            0
        ],
        [
            0,
            3,
            0
        ]
    ],
    "model_path": "C:\\Users\\jhon0\\Documents\\UTP\\Work\\MultimodalAnalysis\\models\\eeg_arch_ablation_2s_01_25_nonotch_overlap50\\eegformer\\closed\\mean_prob\\fold_04_best.pt",
    "history_csv": "C:\\Users\\jhon0\\Documents\\UTP\\Work\\MultimodalAnalysis\\models\\eeg_arch_ablation_2s_01_25_nonotch_overlap50\\eegformer\\closed\\mean_prob\\fold_04_history.csv",
    "training_plot": "C:\\Users\\jhon0\\Documents\\UTP\\Work\\MultimodalAnalysis\\models\\eeg_arch_ablation_2s_01_25_nonotch_overlap50\\eegformer\\closed\\mean_prob\\fold_04_training_plot.png"
}