{
    "fold": 2,
    "best_epoch": 1,
    "best_val_subject_balanced_accuracy": 0.3333333333333333,
    "aggregation": "majority_vote",
    "train_label_counts": [
        6,
        7,
        10
    ],
    "class_weights": [
        1.2209302325581395,
        1.0465116279069768,
        0.7325581395348838
    ],
    "test_subject_accuracy": 0.42857142857142855,
    "test_subject_balanced_accuracy": 0.3333333333333333,
    "test_subject_macro_precision": 0.14285714285714285,
    "test_subject_macro_recall": 0.3333333333333333,
    "test_subject_macro_f1": 0.19999999999999998,
    "test_subject_macro_auc_ovr": 0.2222222222222222,
    "test_subjects": [
        2,
        7,
        11,
        16,
        27,
        31,
        41
    ],
    "test_y_true": [
        0,
        0,
        1,
        1,
        0,
        2,
        2
    ],
    "test_y_pred": [
        0,
        0,
        0,
        0,
        0,
        0,
        0
    ],
    "test_subject_details": [
        {
            "subject_id": 2,
            "true_label": 0,
            "pred_label": 0,
            "votes": [
                303,
                1,
                0
            ],
            "mean_prob": [
                0.38196825981140137,
                0.31917646527290344,
                0.29885515570640564
            ],
            "n_epochs": 304
        },
        {
            "subject_id": 7,
            "true_label": 0,
            "pred_label": 0,
            "votes": [
                283,
                8,
                13
            ],
            "mean_prob": [
                0.36888575553894043,
                0.32133856415748596,
                0.30977576971054077
            ],
            "n_epochs": 304
        },
        {
            "subject_id": 11,
            "true_label": 1,
            "pred_label": 0,
            "votes": [
                304,
                0,
                0
            ],
            "mean_prob": [
                0.3946869969367981,
                0.312359094619751,
                0.2929539978504181
            ],
            "n_epochs": 304
        },
        {
            "subject_id": 16,
            "true_label": 1,
            "pred_label": 0,
            "votes": [
                304,
                0,
                0
            ],
            "mean_prob": [
                0.3958527445793152,
                0.3115619719028473,
                0.29258525371551514
            ],
            "n_epochs": 304
        },
        {
            "subject_id": 27,
            "true_label": 0,
            "pred_label": 0,
            "votes": [
                304,
                0,
                0
            ],
            "mean_prob": [
                0.38852041959762573,
                0.31511297821998596,
                0.29636645317077637
            ],
            "n_epochs": 304
        },
        {
            "subject_id": 31,
            "true_label": 2,
            "pred_label": 0,
            "votes": [
                304,
                0,
                0
            ],
            "mean_prob": [
                0.3955794870853424,
                0.31205111742019653,
                0.29236912727355957
            ],
            "n_epochs": 304
        },
        {
            "subject_id": 41,
            "true_label": 2,
            "pred_label": 0,
            "votes": [
                264,
                16,
                24
            ],
            "mean_prob": [
                0.3761630654335022,
                0.31795400381088257,
                0.3058830201625824
            ],
            "n_epochs": 304
        }
    ],
    "test_confusion_matrix": [
        [
            3,
            0,
            0
        ],
        [
            2,
            0,
            0
        ],
        [
            2,
            0,
            0
        ]
    ],
    "model_path": "C:\\Users\\jhon0\\Documents\\UTP\\Work\\MultimodalAnalysis\\models\\eeg_arch_ablation_2s_01_25_nonotch_overlap50\\eegnet\\closed\\majority_vote\\fold_02_best.pt",
    "history_csv": "C:\\Users\\jhon0\\Documents\\UTP\\Work\\MultimodalAnalysis\\models\\eeg_arch_ablation_2s_01_25_nonotch_overlap50\\eegnet\\closed\\majority_vote\\fold_02_history.csv",
    "training_plot": "C:\\Users\\jhon0\\Documents\\UTP\\Work\\MultimodalAnalysis\\models\\eeg_arch_ablation_2s_01_25_nonotch_overlap50\\eegnet\\closed\\majority_vote\\fold_02_training_plot.png"
}