{
    "fold": 3,
    "best_epoch": 1,
    "best_val_subject_balanced_accuracy": 0.3333333333333333,
    "aggregation": "majority_vote",
    "train_label_counts": [
        7,
        7,
        9
    ],
    "class_weights": [
        1.0799999999999998,
        1.0799999999999998,
        0.8399999999999999
    ],
    "test_subject_accuracy": 0.2857142857142857,
    "test_subject_balanced_accuracy": 0.3333333333333333,
    "test_subject_macro_precision": 0.09523809523809523,
    "test_subject_macro_recall": 0.3333333333333333,
    "test_subject_macro_f1": 0.14814814814814814,
    "test_subject_macro_auc_ovr": 0.47222222222222215,
    "test_subjects": [
        8,
        9,
        13,
        22,
        35,
        39,
        43
    ],
    "test_y_true": [
        1,
        2,
        0,
        2,
        0,
        2,
        1
    ],
    "test_y_pred": [
        1,
        1,
        1,
        1,
        1,
        1,
        1
    ],
    "test_subject_details": [
        {
            "subject_id": 8,
            "true_label": 1,
            "pred_label": 1,
            "votes": [
                0,
                304,
                0
            ],
            "mean_prob": [
                0.2996104955673218,
                0.37563252449035645,
                0.3247568607330322
            ],
            "n_epochs": 304
        },
        {
            "subject_id": 9,
            "true_label": 2,
            "pred_label": 1,
            "votes": [
                2,
                301,
                1
            ],
            "mean_prob": [
                0.30009061098098755,
                0.37339720129966736,
                0.32651227712631226
            ],
            "n_epochs": 304
        },
        {
            "subject_id": 13,
            "true_label": 0,
            "pred_label": 1,
            "votes": [
                0,
                304,
                0
            ],
            "mean_prob": [
                0.29957491159439087,
                0.3756369352340698,
                0.32478800415992737
            ],
            "n_epochs": 304
        },
        {
            "subject_id": 22,
            "true_label": 2,
            "pred_label": 1,
            "votes": [
                0,
                304,
                0
            ],
            "mean_prob": [
                0.29967257380485535,
                0.37550386786460876,
                0.32482343912124634
            ],
            "n_epochs": 304
        },
        {
            "subject_id": 35,
            "true_label": 0,
            "pred_label": 1,
            "votes": [
                0,
                304,
                0
            ],
            "mean_prob": [
                0.29961565136909485,
                0.3756392002105713,
                0.32474514842033386
            ],
            "n_epochs": 304
        },
        {
            "subject_id": 39,
            "true_label": 2,
            "pred_label": 1,
            "votes": [
                0,
                304,
                0
            ],
            "mean_prob": [
                0.29974040389060974,
                0.37532874941825867,
                0.32493069767951965
            ],
            "n_epochs": 304
        },
        {
            "subject_id": 43,
            "true_label": 1,
            "pred_label": 1,
            "votes": [
                0,
                304,
                0
            ],
            "mean_prob": [
                0.29987862706184387,
                0.37521031498908997,
                0.32491111755371094
            ],
            "n_epochs": 304
        }
    ],
    "test_confusion_matrix": [
        [
            0,
            2,
            0
        ],
        [
            0,
            2,
            0
        ],
        [
            0,
            3,
            0
        ]
    ],
    "model_path": "C:\\Users\\jhon0\\Documents\\UTP\\Work\\MultimodalAnalysis\\models\\eeg_arch_ablation_2s_01_25_nonotch_overlap50\\eegnet\\closed\\majority_vote\\fold_03_best.pt",
    "history_csv": "C:\\Users\\jhon0\\Documents\\UTP\\Work\\MultimodalAnalysis\\models\\eeg_arch_ablation_2s_01_25_nonotch_overlap50\\eegnet\\closed\\majority_vote\\fold_03_history.csv",
    "training_plot": "C:\\Users\\jhon0\\Documents\\UTP\\Work\\MultimodalAnalysis\\models\\eeg_arch_ablation_2s_01_25_nonotch_overlap50\\eegnet\\closed\\majority_vote\\fold_03_training_plot.png"
}