{
    "fold": 1,
    "best_epoch": 1,
    "best_val_subject_balanced_accuracy": 0.3333333333333333,
    "aggregation": "majority_vote",
    "train_label_counts": [
        7,
        7,
        8
    ],
    "class_weights": [
        1.0434782608695652,
        1.0434782608695652,
        0.9130434782608695
    ],
    "test_subject_accuracy": 0.375,
    "test_subject_balanced_accuracy": 0.3333333333333333,
    "test_subject_macro_precision": 0.125,
    "test_subject_macro_recall": 0.3333333333333333,
    "test_subject_macro_f1": 0.1818181818181818,
    "test_subject_macro_auc_ovr": 0.4611111111111111,
    "test_subjects": [
        0,
        1,
        4,
        6,
        19,
        30,
        37,
        40
    ],
    "test_y_true": [
        2,
        1,
        1,
        2,
        2,
        0,
        0,
        1
    ],
    "test_y_pred": [
        1,
        1,
        1,
        1,
        1,
        1,
        1,
        1
    ],
    "test_subject_details": [
        {
            "subject_id": 0,
            "true_label": 2,
            "pred_label": 1,
            "votes": [
                0,
                298,
                0
            ],
            "mean_prob": [
                0.3269786834716797,
                0.35092225670814514,
                0.3220990300178528
            ],
            "n_epochs": 298
        },
        {
            "subject_id": 1,
            "true_label": 1,
            "pred_label": 1,
            "votes": [
                0,
                304,
                0
            ],
            "mean_prob": [
                0.3269042372703552,
                0.35069575905799866,
                0.3224000334739685
            ],
            "n_epochs": 304
        },
        {
            "subject_id": 4,
            "true_label": 1,
            "pred_label": 1,
            "votes": [
                1,
                302,
                1
            ],
            "mean_prob": [
                0.32701388001441956,
                0.3506840467453003,
                0.3223021328449249
            ],
            "n_epochs": 304
        },
        {
            "subject_id": 6,
            "true_label": 2,
            "pred_label": 1,
            "votes": [
                0,
                304,
                0
            ],
            "mean_prob": [
                0.3269578218460083,
                0.35070011019706726,
                0.322342187166214
            ],
            "n_epochs": 304
        },
        {
            "subject_id": 19,
            "true_label": 2,
            "pred_label": 1,
            "votes": [
                0,
                304,
                0
            ],
            "mean_prob": [
                0.3268517851829529,
                0.35086044669151306,
                0.32228773832321167
            ],
            "n_epochs": 304
        },
        {
            "subject_id": 30,
            "true_label": 0,
            "pred_label": 1,
            "votes": [
                5,
                295,
                4
            ],
            "mean_prob": [
                0.3304011821746826,
                0.34457892179489136,
                0.3250199258327484
            ],
            "n_epochs": 304
        },
        {
            "subject_id": 37,
            "true_label": 0,
            "pred_label": 1,
            "votes": [
                0,
                304,
                0
            ],
            "mean_prob": [
                0.3269820213317871,
                0.3508073389530182,
                0.3222106993198395
            ],
            "n_epochs": 304
        },
        {
            "subject_id": 40,
            "true_label": 1,
            "pred_label": 1,
            "votes": [
                0,
                304,
                0
            ],
            "mean_prob": [
                0.3268413841724396,
                0.3507908880710602,
                0.32236772775650024
            ],
            "n_epochs": 304
        }
    ],
    "test_confusion_matrix": [
        [
            0,
            2,
            0
        ],
        [
            0,
            3,
            0
        ],
        [
            0,
            3,
            0
        ]
    ],
    "model_path": "C:\\Users\\jhon0\\Documents\\UTP\\Work\\MultimodalAnalysis\\models\\eeg_arch_ablation_2s_01_25_nonotch_overlap50\\eegnet\\closed\\majority_vote\\fold_01_best.pt",
    "history_csv": "C:\\Users\\jhon0\\Documents\\UTP\\Work\\MultimodalAnalysis\\models\\eeg_arch_ablation_2s_01_25_nonotch_overlap50\\eegnet\\closed\\majority_vote\\fold_01_history.csv",
    "training_plot": "C:\\Users\\jhon0\\Documents\\UTP\\Work\\MultimodalAnalysis\\models\\eeg_arch_ablation_2s_01_25_nonotch_overlap50\\eegnet\\closed\\majority_vote\\fold_01_training_plot.png"
}