{
    "fold": 4,
    "best_epoch": 10,
    "best_val_subject_balanced_accuracy": 0.5,
    "aggregation": "majority_vote",
    "train_label_counts": [
        7,
        7,
        9
    ],
    "class_weights": [
        1.0799999999999998,
        1.0799999999999998,
        0.8399999999999999
    ],
    "test_subject_accuracy": 0.2857142857142857,
    "test_subject_balanced_accuracy": 0.3333333333333333,
    "test_subject_macro_precision": 0.19444444444444442,
    "test_subject_macro_recall": 0.3333333333333333,
    "test_subject_macro_f1": 0.24444444444444446,
    "test_subject_macro_auc_ovr": 0.25555555555555554,
    "test_subjects": [
        3,
        10,
        14,
        18,
        24,
        25,
        33
    ],
    "test_y_true": [
        2,
        0,
        0,
        1,
        2,
        2,
        1
    ],
    "test_y_pred": [
        1,
        1,
        0,
        0,
        1,
        0,
        1
    ],
    "test_subject_details": [
        {
            "subject_id": 3,
            "true_label": 2,
            "pred_label": 1,
            "votes": [
                134,
                170,
                0
            ],
            "mean_prob": [
                0.4314922094345093,
                0.43196406960487366,
                0.13654343783855438
            ],
            "n_epochs": 304
        },
        {
            "subject_id": 10,
            "true_label": 0,
            "pred_label": 1,
            "votes": [
                65,
                239,
                0
            ],
            "mean_prob": [
                0.4290103018283844,
                0.4339747726917267,
                0.137015238404274
            ],
            "n_epochs": 304
        },
        {
            "subject_id": 14,
            "true_label": 0,
            "pred_label": 0,
            "votes": [
                168,
                136,
                0
            ],
            "mean_prob": [
                0.4307371973991394,
                0.4309418201446533,
                0.13832081854343414
            ],
            "n_epochs": 304
        },
        {
            "subject_id": 18,
            "true_label": 1,
            "pred_label": 0,
            "votes": [
                166,
                138,
                0
            ],
            "mean_prob": [
                0.43181169033050537,
                0.43118566274642944,
                0.13700255751609802
            ],
            "n_epochs": 304
        },
        {
            "subject_id": 24,
            "true_label": 2,
            "pred_label": 1,
            "votes": [
                142,
                162,
                0
            ],
            "mean_prob": [
                0.43114733695983887,
                0.43163323402404785,
                0.13721923530101776
            ],
            "n_epochs": 304
        },
        {
            "subject_id": 25,
            "true_label": 2,
            "pred_label": 0,
            "votes": [
                237,
                67,
                0
            ],
            "mean_prob": [
                0.43363118171691895,
                0.4300922453403473,
                0.13627661764621735
            ],
            "n_epochs": 304
        },
        {
            "subject_id": 33,
            "true_label": 1,
            "pred_label": 1,
            "votes": [
                119,
                185,
                0
            ],
            "mean_prob": [
                0.42927512526512146,
                0.43164193630218506,
                0.1390831023454666
            ],
            "n_epochs": 304
        }
    ],
    "test_confusion_matrix": [
        [
            1,
            1,
            0
        ],
        [
            1,
            1,
            0
        ],
        [
            1,
            2,
            0
        ]
    ],
    "model_path": "C:\\Users\\jhon0\\Documents\\UTP\\Work\\MultimodalAnalysis\\models\\eeg_arch_ablation_2s_01_25_nonotch_overlap50\\eegnet\\closed\\majority_vote\\fold_04_best.pt",
    "history_csv": "C:\\Users\\jhon0\\Documents\\UTP\\Work\\MultimodalAnalysis\\models\\eeg_arch_ablation_2s_01_25_nonotch_overlap50\\eegnet\\closed\\majority_vote\\fold_04_history.csv",
    "training_plot": "C:\\Users\\jhon0\\Documents\\UTP\\Work\\MultimodalAnalysis\\models\\eeg_arch_ablation_2s_01_25_nonotch_overlap50\\eegnet\\closed\\majority_vote\\fold_04_training_plot.png"
}