{
    "fold": 5,
    "best_epoch": 1,
    "best_val_subject_balanced_accuracy": 0.3333333333333333,
    "aggregation": "majority_vote",
    "train_label_counts": [
        7,
        7,
        9
    ],
    "class_weights": [
        1.0799999999999998,
        1.0799999999999998,
        0.8399999999999999
    ],
    "test_subject_accuracy": 0.2857142857142857,
    "test_subject_balanced_accuracy": 0.3333333333333333,
    "test_subject_macro_precision": 0.09523809523809523,
    "test_subject_macro_recall": 0.3333333333333333,
    "test_subject_macro_f1": 0.14814814814814814,
    "test_subject_macro_auc_ovr": 0.28888888888888886,
    "test_subjects": [
        5,
        15,
        20,
        21,
        23,
        26,
        38
    ],
    "test_y_true": [
        0,
        2,
        2,
        1,
        1,
        0,
        2
    ],
    "test_y_pred": [
        1,
        1,
        1,
        1,
        1,
        1,
        1
    ],
    "test_subject_details": [
        {
            "subject_id": 5,
            "true_label": 0,
            "pred_label": 1,
            "votes": [
                0,
                304,
                0
            ],
            "mean_prob": [
                0.22097745537757874,
                0.4258027970790863,
                0.3532198965549469
            ],
            "n_epochs": 304
        },
        {
            "subject_id": 15,
            "true_label": 2,
            "pred_label": 1,
            "votes": [
                0,
                304,
                0
            ],
            "mean_prob": [
                0.2208031862974167,
                0.42667141556739807,
                0.35252538323402405
            ],
            "n_epochs": 304
        },
        {
            "subject_id": 20,
            "true_label": 2,
            "pred_label": 1,
            "votes": [
                0,
                304,
                0
            ],
            "mean_prob": [
                0.22154280543327332,
                0.42463675141334534,
                0.3538205921649933
            ],
            "n_epochs": 304
        },
        {
            "subject_id": 21,
            "true_label": 1,
            "pred_label": 1,
            "votes": [
                0,
                304,
                0
            ],
            "mean_prob": [
                0.22095732390880585,
                0.425314337015152,
                0.35372859239578247
            ],
            "n_epochs": 304
        },
        {
            "subject_id": 23,
            "true_label": 1,
            "pred_label": 1,
            "votes": [
                0,
                302,
                2
            ],
            "mean_prob": [
                0.22109097242355347,
                0.4222681224346161,
                0.3566410541534424
            ],
            "n_epochs": 304
        },
        {
            "subject_id": 26,
            "true_label": 0,
            "pred_label": 1,
            "votes": [
                0,
                298,
                0
            ],
            "mean_prob": [
                0.22089321911334991,
                0.42528170347213745,
                0.3538249433040619
            ],
            "n_epochs": 298
        },
        {
            "subject_id": 38,
            "true_label": 2,
            "pred_label": 1,
            "votes": [
                0,
                304,
                0
            ],
            "mean_prob": [
                0.22080567479133606,
                0.4260469675064087,
                0.35314732789993286
            ],
            "n_epochs": 304
        }
    ],
    "test_confusion_matrix": [
        [
            0,
            2,
            0
        ],
        [
            0,
            2,
            0
        ],
        [
            0,
            3,
            0
        ]
    ],
    "model_path": "C:\\Users\\jhon0\\Documents\\UTP\\Work\\MultimodalAnalysis\\models\\eeg_arch_ablation_2s_01_25_nonotch_overlap50\\eegformer\\closed\\majority_vote\\fold_05_best.pt",
    "history_csv": "C:\\Users\\jhon0\\Documents\\UTP\\Work\\MultimodalAnalysis\\models\\eeg_arch_ablation_2s_01_25_nonotch_overlap50\\eegformer\\closed\\majority_vote\\fold_05_history.csv",
    "training_plot": "C:\\Users\\jhon0\\Documents\\UTP\\Work\\MultimodalAnalysis\\models\\eeg_arch_ablation_2s_01_25_nonotch_overlap50\\eegformer\\closed\\majority_vote\\fold_05_training_plot.png"
}