{
    "fold": 2,
    "best_epoch": 32,
    "best_val_subject_balanced_accuracy": 0.5,
    "aggregation": "majority_vote",
    "train_label_counts": [
        6,
        7,
        10
    ],
    "class_weights": [
        1.2209302325581395,
        1.0465116279069768,
        0.7325581395348838
    ],
    "test_subject_accuracy": 0.42857142857142855,
    "test_subject_balanced_accuracy": 0.3333333333333333,
    "test_subject_macro_precision": 0.14285714285714285,
    "test_subject_macro_recall": 0.3333333333333333,
    "test_subject_macro_f1": 0.19999999999999998,
    "test_subject_macro_auc_ovr": 0.19444444444444442,
    "test_subjects": [
        2,
        7,
        11,
        16,
        27,
        31,
        41
    ],
    "test_y_true": [
        0,
        0,
        1,
        1,
        0,
        2,
        2
    ],
    "test_y_pred": [
        0,
        0,
        0,
        0,
        0,
        0,
        0
    ],
    "test_subject_details": [
        {
            "subject_id": 2,
            "true_label": 0,
            "pred_label": 0,
            "votes": [
                250,
                0,
                54
            ],
            "mean_prob": [
                0.7939677238464355,
                0.012000628747045994,
                0.19403155148029327
            ],
            "n_epochs": 304
        },
        {
            "subject_id": 7,
            "true_label": 0,
            "pred_label": 0,
            "votes": [
                286,
                2,
                16
            ],
            "mean_prob": [
                0.9329708218574524,
                0.010688976384699345,
                0.05633988976478577
            ],
            "n_epochs": 304
        },
        {
            "subject_id": 11,
            "true_label": 1,
            "pred_label": 0,
            "votes": [
                299,
                0,
                5
            ],
            "mean_prob": [
                0.9774543642997742,
                0.0012330148601904511,
                0.021312246099114418
            ],
            "n_epochs": 304
        },
        {
            "subject_id": 16,
            "true_label": 1,
            "pred_label": 0,
            "votes": [
                301,
                1,
                2
            ],
            "mean_prob": [
                0.9899401664733887,
                0.0020666117779910564,
                0.007992930710315704
            ],
            "n_epochs": 304
        },
        {
            "subject_id": 27,
            "true_label": 0,
            "pred_label": 0,
            "votes": [
                198,
                6,
                100
            ],
            "mean_prob": [
                0.6396793723106384,
                0.026574837043881416,
                0.33374571800231934
            ],
            "n_epochs": 304
        },
        {
            "subject_id": 31,
            "true_label": 2,
            "pred_label": 0,
            "votes": [
                304,
                0,
                0
            ],
            "mean_prob": [
                0.9990876913070679,
                0.00027298572240397334,
                0.0006394584779627621
            ],
            "n_epochs": 304
        },
        {
            "subject_id": 41,
            "true_label": 2,
            "pred_label": 0,
            "votes": [
                253,
                1,
                50
            ],
            "mean_prob": [
                0.8229588270187378,
                0.019120490178465843,
                0.1579206883907318
            ],
            "n_epochs": 304
        }
    ],
    "test_confusion_matrix": [
        [
            3,
            0,
            0
        ],
        [
            2,
            0,
            0
        ],
        [
            2,
            0,
            0
        ]
    ],
    "model_path": "C:\\Users\\jhon0\\Documents\\UTP\\Work\\MultimodalAnalysis\\models\\eeg_arch_ablation_2s_01_25_nonotch_overlap50\\eegformer\\closed\\majority_vote\\fold_02_best.pt",
    "history_csv": "C:\\Users\\jhon0\\Documents\\UTP\\Work\\MultimodalAnalysis\\models\\eeg_arch_ablation_2s_01_25_nonotch_overlap50\\eegformer\\closed\\majority_vote\\fold_02_history.csv",
    "training_plot": "C:\\Users\\jhon0\\Documents\\UTP\\Work\\MultimodalAnalysis\\models\\eeg_arch_ablation_2s_01_25_nonotch_overlap50\\eegformer\\closed\\majority_vote\\fold_02_training_plot.png"
}