{
    "fold": 4,
    "best_epoch": 1,
    "best_val_subject_balanced_accuracy": 0.3333333333333333,
    "aggregation": "majority_vote",
    "train_label_counts": [
        7,
        7,
        9
    ],
    "class_weights": [
        1.0799999999999998,
        1.0799999999999998,
        0.8399999999999999
    ],
    "test_subject_accuracy": 0.2857142857142857,
    "test_subject_balanced_accuracy": 0.3333333333333333,
    "test_subject_macro_precision": 0.09523809523809523,
    "test_subject_macro_recall": 0.3333333333333333,
    "test_subject_macro_f1": 0.14814814814814814,
    "test_subject_macro_auc_ovr": 0.1722222222222222,
    "test_subjects": [
        3,
        10,
        14,
        18,
        24,
        25,
        33
    ],
    "test_y_true": [
        2,
        0,
        0,
        1,
        2,
        2,
        1
    ],
    "test_y_pred": [
        1,
        1,
        1,
        1,
        1,
        1,
        1
    ],
    "test_subject_details": [
        {
            "subject_id": 3,
            "true_label": 2,
            "pred_label": 1,
            "votes": [
                0,
                304,
                0
            ],
            "mean_prob": [
                0.24128331243991852,
                0.3999170958995819,
                0.35879960656166077
            ],
            "n_epochs": 304
        },
        {
            "subject_id": 10,
            "true_label": 0,
            "pred_label": 1,
            "votes": [
                0,
                304,
                0
            ],
            "mean_prob": [
                0.24098968505859375,
                0.3999086022377014,
                0.3591018617153168
            ],
            "n_epochs": 304
        },
        {
            "subject_id": 14,
            "true_label": 0,
            "pred_label": 1,
            "votes": [
                0,
                303,
                1
            ],
            "mean_prob": [
                0.24037349224090576,
                0.4073917865753174,
                0.3522343933582306
            ],
            "n_epochs": 304
        },
        {
            "subject_id": 18,
            "true_label": 1,
            "pred_label": 1,
            "votes": [
                0,
                304,
                0
            ],
            "mean_prob": [
                0.2410687655210495,
                0.39982011914253235,
                0.35911130905151367
            ],
            "n_epochs": 304
        },
        {
            "subject_id": 24,
            "true_label": 2,
            "pred_label": 1,
            "votes": [
                0,
                304,
                0
            ],
            "mean_prob": [
                0.24237757921218872,
                0.3998182713985443,
                0.35780397057533264
            ],
            "n_epochs": 304
        },
        {
            "subject_id": 25,
            "true_label": 2,
            "pred_label": 1,
            "votes": [
                0,
                304,
                0
            ],
            "mean_prob": [
                0.2411629557609558,
                0.3999214172363281,
                0.3589157164096832
            ],
            "n_epochs": 304
        },
        {
            "subject_id": 33,
            "true_label": 1,
            "pred_label": 1,
            "votes": [
                0,
                304,
                0
            ],
            "mean_prob": [
                0.24140505492687225,
                0.39981409907341003,
                0.35878077149391174
            ],
            "n_epochs": 304
        }
    ],
    "test_confusion_matrix": [
        [
            0,
            2,
            0
        ],
        [
            0,
            2,
            0
        ],
        [
            0,
            3,
            0
        ]
    ],
    "model_path": "C:\\Users\\jhon0\\Documents\\UTP\\Work\\MultimodalAnalysis\\models\\eeg_arch_ablation_2s_01_25_nonotch_overlap50\\eegformer\\closed\\majority_vote\\fold_04_best.pt",
    "history_csv": "C:\\Users\\jhon0\\Documents\\UTP\\Work\\MultimodalAnalysis\\models\\eeg_arch_ablation_2s_01_25_nonotch_overlap50\\eegformer\\closed\\majority_vote\\fold_04_history.csv",
    "training_plot": "C:\\Users\\jhon0\\Documents\\UTP\\Work\\MultimodalAnalysis\\models\\eeg_arch_ablation_2s_01_25_nonotch_overlap50\\eegformer\\closed\\majority_vote\\fold_04_training_plot.png"
}