{
    "fold": 1,
    "best_epoch": 24,
    "best_val_subject_balanced_accuracy": 0.4444444444444444,
    "aggregation": "majority_vote",
    "train_label_counts": [
        7,
        7,
        8
    ],
    "class_weights": [
        1.0434782608695652,
        1.0434782608695652,
        0.9130434782608695
    ],
    "test_subject_accuracy": 0.125,
    "test_subject_balanced_accuracy": 0.1111111111111111,
    "test_subject_macro_precision": 0.1111111111111111,
    "test_subject_macro_recall": 0.1111111111111111,
    "test_subject_macro_f1": 0.1111111111111111,
    "test_subject_macro_auc_ovr": 0.638888888888889,
    "test_subjects": [
        0,
        1,
        4,
        6,
        19,
        30,
        37,
        40
    ],
    "test_y_true": [
        2,
        1,
        1,
        2,
        2,
        0,
        0,
        1
    ],
    "test_y_pred": [
        2,
        0,
        0,
        0,
        0,
        2,
        2,
        0
    ],
    "test_subject_details": [
        {
            "subject_id": 0,
            "true_label": 2,
            "pred_label": 2,
            "votes": [
                92,
                0,
                206
            ],
            "mean_prob": [
                0.43856996297836304,
                0.11947275698184967,
                0.4419572651386261
            ],
            "n_epochs": 298
        },
        {
            "subject_id": 1,
            "true_label": 1,
            "pred_label": 0,
            "votes": [
                285,
                0,
                19
            ],
            "mean_prob": [
                0.4410374164581299,
                0.11866653710603714,
                0.44029608368873596
            ],
            "n_epochs": 304
        },
        {
            "subject_id": 4,
            "true_label": 1,
            "pred_label": 0,
            "votes": [
                290,
                2,
                12
            ],
            "mean_prob": [
                0.4392533600330353,
                0.12118766456842422,
                0.43955907225608826
            ],
            "n_epochs": 304
        },
        {
            "subject_id": 6,
            "true_label": 2,
            "pred_label": 0,
            "votes": [
                213,
                0,
                91
            ],
            "mean_prob": [
                0.44029566645622253,
                0.11885035783052444,
                0.44085392355918884
            ],
            "n_epochs": 304
        },
        {
            "subject_id": 19,
            "true_label": 2,
            "pred_label": 0,
            "votes": [
                264,
                0,
                40
            ],
            "mean_prob": [
                0.4408174455165863,
                0.11868739128112793,
                0.440495103597641
            ],
            "n_epochs": 304
        },
        {
            "subject_id": 30,
            "true_label": 0,
            "pred_label": 2,
            "votes": [
                66,
                0,
                238
            ],
            "mean_prob": [
                0.4497413635253906,
                0.11669719964265823,
                0.43356141448020935
            ],
            "n_epochs": 304
        },
        {
            "subject_id": 37,
            "true_label": 0,
            "pred_label": 2,
            "votes": [
                136,
                0,
                168
            ],
            "mean_prob": [
                0.4390738010406494,
                0.11923014372587204,
                0.4416961669921875
            ],
            "n_epochs": 304
        },
        {
            "subject_id": 40,
            "true_label": 1,
            "pred_label": 0,
            "votes": [
                239,
                0,
                65
            ],
            "mean_prob": [
                0.4406450688838959,
                0.11877558380365372,
                0.4405795633792877
            ],
            "n_epochs": 304
        }
    ],
    "test_confusion_matrix": [
        [
            0,
            0,
            2
        ],
        [
            3,
            0,
            0
        ],
        [
            2,
            0,
            1
        ]
    ],
    "model_path": "C:\\Users\\jhon0\\Documents\\UTP\\Work\\MultimodalAnalysis\\models\\eeg_arch_ablation_2s_01_25_nonotch_overlap50\\eegformer\\closed\\majority_vote\\fold_01_best.pt",
    "history_csv": "C:\\Users\\jhon0\\Documents\\UTP\\Work\\MultimodalAnalysis\\models\\eeg_arch_ablation_2s_01_25_nonotch_overlap50\\eegformer\\closed\\majority_vote\\fold_01_history.csv",
    "training_plot": "C:\\Users\\jhon0\\Documents\\UTP\\Work\\MultimodalAnalysis\\models\\eeg_arch_ablation_2s_01_25_nonotch_overlap50\\eegformer\\closed\\majority_vote\\fold_01_training_plot.png"
}