fold,best_epoch,n_epochs,val_accuracy,val_balanced_accuracy,val_f1_macro,test_accuracy,test_balanced_accuracy,test_f1_macro
0,10,25,0.5555555555555556,0.5,0.35714285714285715,0.5454545454545454,0.5,0.35294117647058826
1,24,39,0.5555555555555556,0.525,0.5,0.5454545454545454,0.5166666666666667,0.47619047619047616
2,20,35,0.4444444444444444,0.475,0.41558441558441556,0.4,0.4,0.2857142857142857
3,29,44,0.5555555555555556,0.5,0.35714285714285715,0.45454545454545453,0.4166666666666667,0.3125
4,3,18,0.5,0.5,0.3333333333333333,0.5,0.4166666666666667,0.3333333333333333
