mean_accuracy,std_accuracy,mean_balanced_accuracy,std_balanced_accuracy,mean_f1_macro,std_f1_macro
0.5072727272727272,0.13459458562415816,0.4800000000000001,0.10954451150103323,0.3625754147812971,0.11423800011039983
