mean_accuracy,std_accuracy,mean_balanced_accuracy,std_balanced_accuracy,mean_f1_macro,std_f1_macro
0.5309090909090909,0.10176134777422341,0.5166666666666667,0.0912870929175277,0.3963208360267184,0.15409569002672785
