mean_accuracy,std_accuracy,mean_balanced_accuracy,std_balanced_accuracy,mean_f1_macro,std_f1_macro
0.4709090909090909,0.05469675984178661,0.5,0.0,0.3193977591036415,0.025244284593941332
