fold,best_epoch,n_epochs,val_accuracy,val_balanced_accuracy,val_f1_macro,test_accuracy,test_balanced_accuracy,test_f1_macro
0,21,36,0.5555555555555556,0.5,0.35714285714285715,0.5454545454545454,0.5,0.35294117647058826
1,12,27,0.5555555555555556,0.5,0.35714285714285715,0.5454545454545454,0.5,0.35294117647058826
2,5,20,0.5555555555555556,0.5,0.35714285714285715,0.5,0.5,0.3333333333333333
3,4,19,0.5555555555555556,0.5,0.35714285714285715,0.5454545454545454,0.5,0.35294117647058826
4,4,19,0.5,0.5,0.3333333333333333,0.6,0.5,0.375
