mean_accuracy,std_accuracy,mean_balanced_accuracy,std_balanced_accuracy,mean_f1_macro,std_f1_macro
0.5290909090909091,0.054696759841786624,0.5,0.0,0.34534313725490196,0.023547276714657752
