mean_accuracy,std_accuracy,mean_balanced_accuracy,std_balanced_accuracy,mean_f1_macro,std_f1_macro
0.5472727272727272,0.12405010984302317,0.5233333333333332,0.11522924011629071,0.4908821733821734,0.13818806297449218
