{
    "fold": 1,
    "best_epoch": 1,
    "best_val_subject_balanced_accuracy": 0.3333333333333333,
    "aggregation": "mean_prob",
    "train_label_counts": [
        7,
        7,
        8
    ],
    "class_weights": [
        1.0434782608695652,
        1.0434782608695652,
        0.9130434782608695
    ],
    "test_subject_accuracy": 0.375,
    "test_subject_balanced_accuracy": 0.3333333333333333,
    "test_subject_macro_precision": 0.125,
    "test_subject_macro_recall": 0.3333333333333333,
    "test_subject_macro_f1": 0.1818181818181818,
    "test_subject_macro_auc_ovr": 0.4611111111111111,
    "test_subjects": [
        0,
        1,
        4,
        6,
        19,
        30,
        37,
        40
    ],
    "test_y_true": [
        2,
        1,
        1,
        2,
        2,
        0,
        0,
        1
    ],
    "test_y_pred": [
        1,
        1,
        1,
        1,
        1,
        1,
        1,
        1
    ],
    "test_subject_details": [
        {
            "subject_id": 0,
            "true_label": 2,
            "pred_label": 1,
            "votes": [
                0,
                298,
                0
            ],
            "mean_prob": [
                0.3270587921142578,
                0.3508250415325165,
                0.3221161961555481
            ],
            "n_epochs": 298
        },
        {
            "subject_id": 1,
            "true_label": 1,
            "pred_label": 1,
            "votes": [
                0,
                304,
                0
            ],
            "mean_prob": [
                0.3269837498664856,
                0.3505990207195282,
                0.3224170207977295
            ],
            "n_epochs": 304
        },
        {
            "subject_id": 4,
            "true_label": 1,
            "pred_label": 1,
            "votes": [
                1,
                302,
                1
            ],
            "mean_prob": [
                0.32709386944770813,
                0.3505870997905731,
                0.32231903076171875
            ],
            "n_epochs": 304
        },
        {
            "subject_id": 6,
            "true_label": 2,
            "pred_label": 1,
            "votes": [
                0,
                304,
                0
            ],
            "mean_prob": [
                0.3270377218723297,
                0.3506028354167938,
                0.32235947251319885
            ],
            "n_epochs": 304
        },
        {
            "subject_id": 19,
            "true_label": 2,
            "pred_label": 1,
            "votes": [
                0,
                304,
                0
            ],
            "mean_prob": [
                0.3269321024417877,
                0.3507629632949829,
                0.322304904460907
            ],
            "n_epochs": 304
        },
        {
            "subject_id": 30,
            "true_label": 0,
            "pred_label": 1,
            "votes": [
                5,
                295,
                4
            ],
            "mean_prob": [
                0.3304799199104309,
                0.3444841504096985,
                0.325035959482193
            ],
            "n_epochs": 304
        },
        {
            "subject_id": 37,
            "true_label": 0,
            "pred_label": 1,
            "votes": [
                0,
                304,
                0
            ],
            "mean_prob": [
                0.3270620107650757,
                0.35071030259132385,
                0.3222276568412781
            ],
            "n_epochs": 304
        },
        {
            "subject_id": 40,
            "true_label": 1,
            "pred_label": 1,
            "votes": [
                0,
                304,
                0
            ],
            "mean_prob": [
                0.32692164182662964,
                0.3506934642791748,
                0.322384774684906
            ],
            "n_epochs": 304
        }
    ],
    "test_confusion_matrix": [
        [
            0,
            2,
            0
        ],
        [
            0,
            3,
            0
        ],
        [
            0,
            3,
            0
        ]
    ],
    "model_path": "C:\\Users\\jhon0\\Documents\\UTP\\Work\\MultimodalAnalysis\\models\\eeg_arch_ablation_2s_01_25_nonotch_overlap50\\eegnet\\closed\\mean_prob\\fold_01_best.pt",
    "history_csv": "C:\\Users\\jhon0\\Documents\\UTP\\Work\\MultimodalAnalysis\\models\\eeg_arch_ablation_2s_01_25_nonotch_overlap50\\eegnet\\closed\\mean_prob\\fold_01_history.csv",
    "training_plot": "C:\\Users\\jhon0\\Documents\\UTP\\Work\\MultimodalAnalysis\\models\\eeg_arch_ablation_2s_01_25_nonotch_overlap50\\eegnet\\closed\\mean_prob\\fold_01_training_plot.png"
}