{
    "fold": 4,
    "best_epoch": 1,
    "best_val_subject_balanced_accuracy": 0.3333333333333333,
    "aggregation": "mean_prob",
    "train_label_counts": [
        7,
        7,
        9
    ],
    "class_weights": [
        1.0799999999999998,
        1.0799999999999998,
        0.8399999999999999
    ],
    "test_subject_accuracy": 0.2857142857142857,
    "test_subject_balanced_accuracy": 0.3333333333333333,
    "test_subject_macro_precision": 0.09523809523809523,
    "test_subject_macro_recall": 0.3333333333333333,
    "test_subject_macro_f1": 0.14814814814814814,
    "test_subject_macro_auc_ovr": 0.4444444444444444,
    "test_subjects": [
        3,
        10,
        14,
        18,
        24,
        25,
        33
    ],
    "test_y_true": [
        2,
        0,
        0,
        1,
        2,
        2,
        1
    ],
    "test_y_pred": [
        1,
        1,
        1,
        1,
        1,
        1,
        1
    ],
    "test_subject_details": [
        {
            "subject_id": 3,
            "true_label": 2,
            "pred_label": 1,
            "votes": [
                0,
                304,
                0
            ],
            "mean_prob": [
                0.3249377906322479,
                0.36051663756370544,
                0.31454572081565857
            ],
            "n_epochs": 304
        },
        {
            "subject_id": 10,
            "true_label": 0,
            "pred_label": 1,
            "votes": [
                0,
                304,
                0
            ],
            "mean_prob": [
                0.3249783515930176,
                0.3604543209075928,
                0.31456732749938965
            ],
            "n_epochs": 304
        },
        {
            "subject_id": 14,
            "true_label": 0,
            "pred_label": 1,
            "votes": [
                0,
                304,
                0
            ],
            "mean_prob": [
                0.32518723607063293,
                0.36029282212257385,
                0.3145200312137604
            ],
            "n_epochs": 304
        },
        {
            "subject_id": 18,
            "true_label": 1,
            "pred_label": 1,
            "votes": [
                0,
                304,
                0
            ],
            "mean_prob": [
                0.32503628730773926,
                0.3603854179382324,
                0.3145781457424164
            ],
            "n_epochs": 304
        },
        {
            "subject_id": 24,
            "true_label": 2,
            "pred_label": 1,
            "votes": [
                0,
                304,
                0
            ],
            "mean_prob": [
                0.32523873448371887,
                0.3600766956806183,
                0.3146846294403076
            ],
            "n_epochs": 304
        },
        {
            "subject_id": 25,
            "true_label": 2,
            "pred_label": 1,
            "votes": [
                0,
                304,
                0
            ],
            "mean_prob": [
                0.3250763714313507,
                0.36042913794517517,
                0.31449463963508606
            ],
            "n_epochs": 304
        },
        {
            "subject_id": 33,
            "true_label": 1,
            "pred_label": 1,
            "votes": [
                0,
                304,
                0
            ],
            "mean_prob": [
                0.3249237537384033,
                0.360348105430603,
                0.31472811102867126
            ],
            "n_epochs": 304
        }
    ],
    "test_confusion_matrix": [
        [
            0,
            2,
            0
        ],
        [
            0,
            2,
            0
        ],
        [
            0,
            3,
            0
        ]
    ],
    "model_path": "C:\\Users\\jhon0\\Documents\\UTP\\Work\\MultimodalAnalysis\\models\\eeg_arch_ablation_2s_01_25_nonotch_overlap50\\eegnet\\closed\\mean_prob\\fold_04_best.pt",
    "history_csv": "C:\\Users\\jhon0\\Documents\\UTP\\Work\\MultimodalAnalysis\\models\\eeg_arch_ablation_2s_01_25_nonotch_overlap50\\eegnet\\closed\\mean_prob\\fold_04_history.csv",
    "training_plot": "C:\\Users\\jhon0\\Documents\\UTP\\Work\\MultimodalAnalysis\\models\\eeg_arch_ablation_2s_01_25_nonotch_overlap50\\eegnet\\closed\\mean_prob\\fold_04_training_plot.png"
}