{
    "fold": 5,
    "best_epoch": 1,
    "best_val_subject_balanced_accuracy": 0.3333333333333333,
    "aggregation": "mean_prob",
    "train_label_counts": [
        7,
        7,
        9
    ],
    "class_weights": [
        1.0799999999999998,
        1.0799999999999998,
        0.8399999999999999
    ],
    "test_subject_accuracy": 0.42857142857142855,
    "test_subject_balanced_accuracy": 0.3333333333333333,
    "test_subject_macro_precision": 0.14285714285714285,
    "test_subject_macro_recall": 0.3333333333333333,
    "test_subject_macro_f1": 0.19999999999999998,
    "test_subject_macro_auc_ovr": 0.31666666666666665,
    "test_subjects": [
        5,
        15,
        20,
        21,
        23,
        26,
        38
    ],
    "test_y_true": [
        0,
        2,
        2,
        1,
        1,
        0,
        2
    ],
    "test_y_pred": [
        2,
        2,
        2,
        2,
        2,
        2,
        2
    ],
    "test_subject_details": [
        {
            "subject_id": 5,
            "true_label": 0,
            "pred_label": 2,
            "votes": [
                0,
                2,
                302
            ],
            "mean_prob": [
                0.28820571303367615,
                0.3533492684364319,
                0.3584449589252472
            ],
            "n_epochs": 304
        },
        {
            "subject_id": 15,
            "true_label": 2,
            "pred_label": 2,
            "votes": [
                0,
                0,
                304
            ],
            "mean_prob": [
                0.2880770266056061,
                0.3534339368343353,
                0.35848894715309143
            ],
            "n_epochs": 304
        },
        {
            "subject_id": 20,
            "true_label": 2,
            "pred_label": 2,
            "votes": [
                0,
                5,
                299
            ],
            "mean_prob": [
                0.28821465373039246,
                0.3532375395298004,
                0.35854777693748474
            ],
            "n_epochs": 304
        },
        {
            "subject_id": 21,
            "true_label": 1,
            "pred_label": 2,
            "votes": [
                0,
                4,
                300
            ],
            "mean_prob": [
                0.2881161570549011,
                0.35300254821777344,
                0.3588811755180359
            ],
            "n_epochs": 304
        },
        {
            "subject_id": 23,
            "true_label": 1,
            "pred_label": 2,
            "votes": [
                0,
                25,
                279
            ],
            "mean_prob": [
                0.28820449113845825,
                0.35313498973846436,
                0.358660489320755
            ],
            "n_epochs": 304
        },
        {
            "subject_id": 26,
            "true_label": 0,
            "pred_label": 2,
            "votes": [
                0,
                6,
                292
            ],
            "mean_prob": [
                0.2881488502025604,
                0.35321781039237976,
                0.35863351821899414
            ],
            "n_epochs": 298
        },
        {
            "subject_id": 38,
            "true_label": 2,
            "pred_label": 2,
            "votes": [
                0,
                3,
                301
            ],
            "mean_prob": [
                0.2881230413913727,
                0.3533009886741638,
                0.358576238155365
            ],
            "n_epochs": 304
        }
    ],
    "test_confusion_matrix": [
        [
            0,
            0,
            2
        ],
        [
            0,
            0,
            2
        ],
        [
            0,
            0,
            3
        ]
    ],
    "model_path": "C:\\Users\\jhon0\\Documents\\UTP\\Work\\MultimodalAnalysis\\models\\eeg_arch_ablation_2s_01_25_nonotch_overlap50\\eegnet\\closed\\mean_prob\\fold_05_best.pt",
    "history_csv": "C:\\Users\\jhon0\\Documents\\UTP\\Work\\MultimodalAnalysis\\models\\eeg_arch_ablation_2s_01_25_nonotch_overlap50\\eegnet\\closed\\mean_prob\\fold_05_history.csv",
    "training_plot": "C:\\Users\\jhon0\\Documents\\UTP\\Work\\MultimodalAnalysis\\models\\eeg_arch_ablation_2s_01_25_nonotch_overlap50\\eegnet\\closed\\mean_prob\\fold_05_training_plot.png"
}