{
    "fold": 3,
    "best_epoch": 1,
    "best_val_subject_balanced_accuracy": 0.3333333333333333,
    "aggregation": "mean_prob",
    "train_label_counts": [
        7,
        7,
        9
    ],
    "class_weights": [
        1.0799999999999998,
        1.0799999999999998,
        0.8399999999999999
    ],
    "test_subject_accuracy": 0.2857142857142857,
    "test_subject_balanced_accuracy": 0.3333333333333333,
    "test_subject_macro_precision": 0.09523809523809523,
    "test_subject_macro_recall": 0.3333333333333333,
    "test_subject_macro_f1": 0.14814814814814814,
    "test_subject_macro_auc_ovr": 0.47222222222222215,
    "test_subjects": [
        8,
        9,
        13,
        22,
        35,
        39,
        43
    ],
    "test_y_true": [
        1,
        2,
        0,
        2,
        0,
        2,
        1
    ],
    "test_y_pred": [
        1,
        1,
        1,
        1,
        1,
        1,
        1
    ],
    "test_subject_details": [
        {
            "subject_id": 8,
            "true_label": 1,
            "pred_label": 1,
            "votes": [
                0,
                304,
                0
            ],
            "mean_prob": [
                0.2995825707912445,
                0.37566041946411133,
                0.3247568607330322
            ],
            "n_epochs": 304
        },
        {
            "subject_id": 9,
            "true_label": 2,
            "pred_label": 1,
            "votes": [
                2,
                301,
                1
            ],
            "mean_prob": [
                0.300062894821167,
                0.37342461943626404,
                0.3265126049518585
            ],
            "n_epochs": 304
        },
        {
            "subject_id": 13,
            "true_label": 0,
            "pred_label": 1,
            "votes": [
                0,
                304,
                0
            ],
            "mean_prob": [
                0.2995470464229584,
                0.37566494941711426,
                0.32478806376457214
            ],
            "n_epochs": 304
        },
        {
            "subject_id": 22,
            "true_label": 2,
            "pred_label": 1,
            "votes": [
                0,
                304,
                0
            ],
            "mean_prob": [
                0.2996445894241333,
                0.37553152441978455,
                0.3248234987258911
            ],
            "n_epochs": 304
        },
        {
            "subject_id": 35,
            "true_label": 0,
            "pred_label": 1,
            "votes": [
                0,
                304,
                0
            ],
            "mean_prob": [
                0.2995877265930176,
                0.3756669759750366,
                0.3247452676296234
            ],
            "n_epochs": 304
        },
        {
            "subject_id": 39,
            "true_label": 2,
            "pred_label": 1,
            "votes": [
                0,
                304,
                0
            ],
            "mean_prob": [
                0.29971304535865784,
                0.37535613775253296,
                0.324930876493454
            ],
            "n_epochs": 304
        },
        {
            "subject_id": 43,
            "true_label": 1,
            "pred_label": 1,
            "votes": [
                0,
                304,
                0
            ],
            "mean_prob": [
                0.2998512387275696,
                0.3752378821372986,
                0.32491129636764526
            ],
            "n_epochs": 304
        }
    ],
    "test_confusion_matrix": [
        [
            0,
            2,
            0
        ],
        [
            0,
            2,
            0
        ],
        [
            0,
            3,
            0
        ]
    ],
    "model_path": "C:\\Users\\jhon0\\Documents\\UTP\\Work\\MultimodalAnalysis\\models\\eeg_arch_ablation_2s_01_25_nonotch_overlap50\\eegnet\\closed\\mean_prob\\fold_03_best.pt",
    "history_csv": "C:\\Users\\jhon0\\Documents\\UTP\\Work\\MultimodalAnalysis\\models\\eeg_arch_ablation_2s_01_25_nonotch_overlap50\\eegnet\\closed\\mean_prob\\fold_03_history.csv",
    "training_plot": "C:\\Users\\jhon0\\Documents\\UTP\\Work\\MultimodalAnalysis\\models\\eeg_arch_ablation_2s_01_25_nonotch_overlap50\\eegnet\\closed\\mean_prob\\fold_03_training_plot.png"
}