mean_accuracy,std_accuracy,mean_balanced_accuracy,std_balanced_accuracy,mean_f1_macro,std_f1_macro
0.510909090909091,0.08962732759175443,0.47000000000000003,0.0670820393249937,0.3512192056309703,0.01564109452665672
