mean_accuracy,std_accuracy,mean_balanced_accuracy,std_balanced_accuracy,mean_f1_macro,std_f1_macro
0.5490909090909091,0.09239691598015934,0.54,0.09021579068482903,0.48102502073090314,0.11979418264461682
