{
  "n_subjects": 36,
  "n_MDD": 17,
  "n_HC": 19,
  "n_features": 309,
  "results": {
    "LogReg_C0.1_L2": {
      "mean_bacc": 0.85,
      "mean_acc": 0.8357142857142857,
      "mean_f1": 0.8261904761904763,
      "fold_baccs": [
        0.75,
        0.875,
        0.875,
        1.0,
        0.75
      ],
      "fold_accs": [
        0.7142857142857143,
        0.8571428571428571,
        0.8571428571428571,
        1.0,
        0.75
      ]
    },
    "LogReg_C1.0_L2": {
      "mean_bacc": 0.825,
      "mean_acc": 0.8071428571428572,
      "mean_f1": 0.7880952380952381,
      "fold_baccs": [
        0.75,
        0.875,
        0.75,
        1.0,
        0.75
      ],
      "fold_accs": [
        0.7142857142857143,
        0.8571428571428571,
        0.7142857142857143,
        1.0,
        0.75
      ]
    },
    "RF_d3_n100": {
      "mean_bacc": 0.925,
      "mean_acc": 0.9178571428571429,
      "mean_f1": 0.9142857142857143,
      "fold_baccs": [
        0.875,
        1.0,
        0.875,
        1.0,
        0.875
      ],
      "fold_accs": [
        0.8571428571428571,
        1.0,
        0.8571428571428571,
        1.0,
        0.875
      ]
    },
    "RF_d5_n200": {
      "mean_bacc": 0.925,
      "mean_acc": 0.9178571428571429,
      "mean_f1": 0.9142857142857143,
      "fold_baccs": [
        0.875,
        1.0,
        0.875,
        1.0,
        0.875
      ],
      "fold_accs": [
        0.8571428571428571,
        1.0,
        0.8571428571428571,
        1.0,
        0.875
      ]
    },
    "XGB_d2_lr01": {
      "mean_bacc": 0.975,
      "mean_acc": 0.9714285714285715,
      "mean_f1": 0.9714285714285715,
      "fold_baccs": [
        1.0,
        1.0,
        0.875,
        1.0,
        1.0
      ],
      "fold_accs": [
        1.0,
        1.0,
        0.8571428571428571,
        1.0,
        1.0
      ]
    },
    "XGB_d3_lr05": {
      "mean_bacc": 0.975,
      "mean_acc": 0.9714285714285715,
      "mean_f1": 0.9714285714285715,
      "fold_baccs": [
        1.0,
        1.0,
        0.875,
        1.0,
        1.0
      ],
      "fold_accs": [
        1.0,
        1.0,
        0.8571428571428571,
        1.0,
        1.0
      ]
    }
  },
  "best": {
    "config": "XGB_d2_lr01",
    "mean_bacc": 0.975,
    "mean_acc": 0.9714285714285715,
    "mean_f1": 0.9714285714285715,
    "fold_baccs": [
      1.0,
      1.0,
      0.875,
      1.0,
      1.0
    ],
    "fold_accs": [
      1.0,
      1.0,
      0.8571428571428571,
      1.0,
      1.0
    ]
  }
}