{
  "n_subjects": 30,
  "n_MDD": 23,
  "n_HC": 7,
  "n_features": 309,
  "results": {
    "LogReg_C0.1_L2": {
      "mean_bacc": 0.565,
      "mean_acc": 0.7,
      "mean_f1": 0.8029292929292928,
      "fold_baccs": [
        0.5,
        0.9,
        0.5,
        0.625,
        0.3
      ],
      "fold_accs": [
        0.6666666666666666,
        0.8333333333333334,
        0.8333333333333334,
        0.6666666666666666,
        0.5
      ]
    },
    "LogReg_C1.0_L2": {
      "mean_bacc": 0.715,
      "mean_acc": 0.7666666666666667,
      "mean_f1": 0.8425396825396826,
      "fold_baccs": [
        0.5,
        0.9,
        1.0,
        0.875,
        0.3
      ],
      "fold_accs": [
        0.6666666666666666,
        0.8333333333333334,
        1.0,
        0.8333333333333334,
        0.5
      ]
    },
    "RF_d3_n100": {
      "mean_bacc": 0.65,
      "mean_acc": 0.8333333333333334,
      "mean_f1": 0.9014141414141413,
      "fold_baccs": [
        0.5,
        1.0,
        0.5,
        0.75,
        0.5
      ],
      "fold_accs": [
        0.6666666666666666,
        1.0,
        0.8333333333333334,
        0.8333333333333334,
        0.8333333333333334
      ]
    },
    "RF_d5_n200": {
      "mean_bacc": 0.65,
      "mean_acc": 0.8333333333333334,
      "mean_f1": 0.9014141414141413,
      "fold_baccs": [
        0.5,
        1.0,
        0.5,
        0.75,
        0.5
      ],
      "fold_accs": [
        0.6666666666666666,
        1.0,
        0.8333333333333334,
        0.8333333333333334,
        0.8333333333333334
      ]
    },
    "XGB_d2_lr01": {
      "mean_bacc": 0.8800000000000001,
      "mean_acc": 0.9,
      "mean_f1": 0.9377777777777776,
      "fold_baccs": [
        0.5,
        1.0,
        1.0,
        1.0,
        0.9
      ],
      "fold_accs": [
        0.6666666666666666,
        1.0,
        1.0,
        1.0,
        0.8333333333333334
      ]
    },
    "XGB_d3_lr05": {
      "mean_bacc": 0.8800000000000001,
      "mean_acc": 0.9,
      "mean_f1": 0.9377777777777776,
      "fold_baccs": [
        0.5,
        1.0,
        1.0,
        1.0,
        0.9
      ],
      "fold_accs": [
        0.6666666666666666,
        1.0,
        1.0,
        1.0,
        0.8333333333333334
      ]
    }
  },
  "best": {
    "config": "XGB_d2_lr01",
    "mean_bacc": 0.8800000000000001,
    "mean_acc": 0.9,
    "mean_f1": 0.9377777777777776,
    "fold_baccs": [
      0.5,
      1.0,
      1.0,
      1.0,
      0.9
    ],
    "fold_accs": [
      0.6666666666666666,
      1.0,
      1.0,
      1.0,
      0.8333333333333334
    ]
  }
}