{
  "n_subjects": 52,
  "n_MDD": 23,
  "n_HC": 29,
  "n_folds": 5,
  "results_all": {
    "LogReg_C0.1_L2": {
      "mean_bacc": 0.4966666666666667,
      "mean_acc": 0.5381818181818182,
      "mean_f1": 0.13333333333333333,
      "fold_baccs": [
        0.5416666666666667,
        0.5,
        0.5,
        0.4,
        0.5416666666666667
      ],
      "fold_accs": [
        0.6,
        0.5454545454545454,
        0.5454545454545454,
        0.4,
        0.6
      ]
    },
    "LogReg_C1.0_L2": {
      "mean_bacc": 0.45,
      "mean_acc": 0.4781818181818182,
      "mean_f1": 0.17777777777777776,
      "fold_baccs": [
        0.29166666666666663,
        0.6,
        0.4166666666666667,
        0.4,
        0.5416666666666667
      ],
      "fold_accs": [
        0.3,
        0.6363636363636364,
        0.45454545454545453,
        0.4,
        0.6
      ]
    },
    "RF_d3_n100": {
      "mean_bacc": 0.5183333333333333,
      "mean_acc": 0.54,
      "mean_f1": 0.40476190476190477,
      "fold_baccs": [
        0.4583333333333333,
        0.6166666666666667,
        0.35,
        0.5,
        0.6666666666666667
      ],
      "fold_accs": [
        0.5,
        0.6363636363636364,
        0.36363636363636365,
        0.5,
        0.7
      ]
    },
    "RF_d5_n200": {
      "mean_bacc": 0.5466666666666666,
      "mean_acc": 0.5599999999999999,
      "mean_f1": 0.4233766233766233,
      "fold_baccs": [
        0.4583333333333333,
        0.43333333333333335,
        0.55,
        0.5,
        0.7916666666666667
      ],
      "fold_accs": [
        0.5,
        0.45454545454545453,
        0.5454545454545454,
        0.5,
        0.8
      ]
    },
    "RF_d10_n300": {
      "mean_bacc": 0.5716666666666667,
      "mean_acc": 0.58,
      "mean_f1": 0.4511544011544011,
      "fold_baccs": [
        0.4583333333333333,
        0.43333333333333335,
        0.55,
        0.5,
        0.9166666666666667
      ],
      "fold_accs": [
        0.5,
        0.45454545454545453,
        0.5454545454545454,
        0.5,
        0.9
      ]
    },
    "XGB_d2_lr01": {
      "mean_bacc": 0.45166666666666666,
      "mean_acc": 0.44727272727272727,
      "mean_f1": 0.3823953823953824,
      "fold_baccs": [
        0.625,
        0.45,
        0.18333333333333335,
        0.5,
        0.5
      ],
      "fold_accs": [
        0.6,
        0.45454545454545453,
        0.18181818181818182,
        0.5,
        0.5
      ]
    },
    "XGB_d3_lr05": {
      "mean_bacc": 0.4766666666666667,
      "mean_acc": 0.46545454545454545,
      "mean_f1": 0.4025974025974026,
      "fold_baccs": [
        0.41666666666666663,
        0.45,
        0.26666666666666666,
        0.5,
        0.75
      ],
      "fold_accs": [
        0.4,
        0.45454545454545453,
        0.2727272727272727,
        0.5,
        0.7
      ]
    }
  },
  "best": {
    "config": "RF_d10_n300",
    "mean_bacc": 0.5716666666666667,
    "mean_acc": 0.58,
    "mean_f1": 0.4511544011544011,
    "fold_baccs": [
      0.4583333333333333,
      0.43333333333333335,
      0.55,
      0.5,
      0.9166666666666667
    ],
    "fold_accs": [
      0.5,
      0.45454545454545453,
      0.5454545454545454,
      0.5,
      0.9
    ]
  },
  "baselines": {
    "majority": 0.5576923076923077,
    "chance": 0.5
  }
}