{
  "n_subjects": 52,
  "n_MDD": 44,
  "n_HC": 8,
  "n_folds": 5,
  "n_features": 15,
  "feature_names": [
    "band_alpha",
    "band_beta",
    "band_delta",
    "band_gamma",
    "band_theta",
    "duration_sec",
    "rms",
    "sample_rate",
    "spectral_centroid",
    "spectral_energy",
    "spectral_max",
    "spectral_mean",
    "spectral_spread",
    "spectral_std",
    "zero_crossing_rate"
  ],
  "results_all": {
    "LogReg_C0.1_L2": {
      "mean_bacc": 0.48888888888888893,
      "mean_acc": 0.8272727272727274,
      "mean_f1": 0.9050292397660818,
      "fold_baccs": [
        0.5,
        0.5,
        0.4444444444444444,
        0.5,
        0.5
      ],
      "fold_accs": [
        0.8181818181818182,
        0.8181818181818182,
        0.8,
        0.8,
        0.9
      ]
    },
    "LogReg_C1.0_L2": {
      "mean_bacc": 0.48888888888888893,
      "mean_acc": 0.8272727272727274,
      "mean_f1": 0.9050292397660818,
      "fold_baccs": [
        0.5,
        0.5,
        0.4444444444444444,
        0.5,
        0.5
      ],
      "fold_accs": [
        0.8181818181818182,
        0.8181818181818182,
        0.8,
        0.8,
        0.9
      ]
    },
    "RF_d3_n100": {
      "mean_bacc": 0.7277777777777777,
      "mean_acc": 0.8654545454545455,
      "mean_f1": 0.922251461988304,
      "fold_baccs": [
        0.75,
        0.5,
        0.8888888888888888,
        0.5,
        1.0
      ],
      "fold_accs": [
        0.9090909090909091,
        0.8181818181818182,
        0.8,
        0.8,
        1.0
      ]
    },
    "RF_d5_n200": {
      "mean_bacc": 0.7277777777777777,
      "mean_acc": 0.8654545454545455,
      "mean_f1": 0.922251461988304,
      "fold_baccs": [
        0.75,
        0.5,
        0.8888888888888888,
        0.5,
        1.0
      ],
      "fold_accs": [
        0.9090909090909091,
        0.8181818181818182,
        0.8,
        0.8,
        1.0
      ]
    },
    "RF_d10_n300": {
      "mean_bacc": 0.7041666666666666,
      "mean_acc": 0.8254545454545454,
      "mean_f1": 0.8941795665634675,
      "fold_baccs": [
        0.75,
        0.5,
        0.8333333333333333,
        0.4375,
        1.0
      ],
      "fold_accs": [
        0.9090909090909091,
        0.8181818181818182,
        0.7,
        0.7,
        1.0
      ]
    },
    "XGB_d2_lr01": {
      "mean_bacc": 0.6,
      "mean_acc": 0.8854545454545455,
      "mean_f1": 0.9366563467492262,
      "fold_baccs": [
        0.75,
        0.5,
        0.5,
        0.75,
        0.5
      ],
      "fold_accs": [
        0.9090909090909091,
        0.8181818181818182,
        0.9,
        0.9,
        0.9
      ]
    },
    "XGB_d3_lr05": {
      "mean_bacc": 0.5277777777777779,
      "mean_acc": 0.8272727272727274,
      "mean_f1": 0.9037908496732026,
      "fold_baccs": [
        0.5,
        0.5,
        0.4444444444444444,
        0.75,
        0.4444444444444444
      ],
      "fold_accs": [
        0.8181818181818182,
        0.8181818181818182,
        0.8,
        0.9,
        0.8
      ]
    },
    "XGB_d4_lr10": {
      "mean_bacc": 0.538888888888889,
      "mean_acc": 0.8472727272727273,
      "mean_f1": 0.9154867561059511,
      "fold_baccs": [
        0.5,
        0.5,
        0.5,
        0.75,
        0.4444444444444444
      ],
      "fold_accs": [
        0.8181818181818182,
        0.8181818181818182,
        0.9,
        0.9,
        0.8
      ]
    }
  },
  "best": {
    "config": "RF_d3_n100",
    "mean_bacc": 0.7277777777777777,
    "mean_acc": 0.8654545454545455,
    "mean_f1": 0.922251461988304,
    "fold_baccs": [
      0.75,
      0.5,
      0.8888888888888888,
      0.5,
      1.0
    ],
    "fold_accs": [
      0.9090909090909091,
      0.8181818181818182,
      0.8,
      0.8,
      1.0
    ]
  },
  "baselines": {
    "majority": 0.15384615384615385,
    "chance": 0.5
  }
}