mean_accuracy,std_accuracy,mean_balanced_accuracy,std_balanced_accuracy,mean_f1_macro,std_f1_macro
0.5472727272727272,0.035442888526578044,0.5,0.0,0.35343137254901963,0.01474667544754052
